{"cameraMode":{"drawMode":0,"name":"Shaded","section":"Shading Mode"},"sceneLighting":true,"audioPlay":false,"sceneViewState":{"m_AlwaysRefresh":false,"showFog":true,"showSkybox":true,"showFlares":true,"showImageEffects":true,"showParticleSystems":true,"showVisualEffectGraphs":true,"m_FxEnabled":true},"in2DMode":false,"pivot":{"x":4.187704086303711,"y":20.642730712890626,"z":13.414532661437989},"rotation":{"x":0.003920093644410372,"y":0.9959219098091126,"z":0.05352276936173439,"w":-0.07303179055452347},"size":8.090353012084961,"orthographic":false}